date,unhedged_change,duration_hedged_change,multi_hedged_change
2022-01-03,0.0,0.0,0.0
2022-01-04,-64723.00014938414,-14388.23135828424,-4745.333825230584
2022-01-05,-112565.92916283198,-5124.034986230254,-11883.987319821274
2022-01-06,-134713.4766781293,10666.495490530622,-17213.30121766735
2022-01-07,-201119.5580755882,20987.725415689463,-26210.770133257494
2022-01-10,-204227.30887492746,26191.724158216763,-27441.502590600314
2022-01-11,-169300.4548368901,28000.93593560584,-23995.15194164749
2022-01-12,-159820.71055118926,17232.18160380365,-21520.285175549478
2022-01-13,-106341.69195813127,18031.973682149066,-15657.057686605942
2022-01-14,-232124.56018220447,16585.109421698813,-29834.38048471813
2022-01-18,-352248.66052853316,32606.07802341535,-45675.212633010815
2022-01-19,-295915.12042075396,34724.68849546689,-39843.591722568905
2022-01-20,-285997.5333086569,31038.114162871498,-38542.39274680824
2022-01-21,-170977.8406503126,29816.409084519226,-25265.688037876447
2022-01-24,-198277.90078044496,20174.411973762122,-26364.37608712999
2022-01-25,-236219.39920788258,21437.91515874231,-30900.254313920654
2022-01-26,-326193.4367139172,31953.0544974613,-43234.83260482311
2022-01-27,-248744.88941459358,41231.28620463936,-36715.0037544349
2022-01-28,-200548.4207403753,32944.394355301774,-29898.95526423573
2022-01-31,-239565.09764761478,25051.80254710623,-33044.89714170192
2022-02-01,-259040.98058915883,22473.490870017267,-34654.00221116358
2022-02-02,-225182.4582260456,13395.460590531206,-29321.034198948328
2022-02-03,-284223.8086802084,20764.892985239334,-37137.092771975294
2022-02-04,-437036.4437015578,29446.131196017086,-55639.364651977376
2022-02-07,-418083.6006300952,28309.968207699072,-53666.226028080215
2022-02-08,-476601.9202304408,32300.02961110801,-61059.19784699887
2022-02-09,-471643.97102594376,24280.521282592556,-59334.605307708494
2022-02-10,-593918.498324994,39405.099495593924,-76326.94668139098
2022-02-11,-467477.8485133182,16873.461580178875,-58398.33604080003
2022-02-14,-555367.1088044643,26149.810929500498,-70083.51597459073
2022-02-15,-650673.7562375963,20916.190082402318,-79757.1246128846
2022-02-16,-618539.7138219737,20098.88045952504,-75890.49863421824
2022-02-17,-545550.2261621356,5885.745297389803,-65458.62927397224
2022-02-18,-471831.64563093334,12028.102125036705,-58380.277338733315
2022-02-22,-480659.29744014144,17144.320303041663,-60455.992497730185
2022-02-23,-553627.7420568243,15776.679408485303,-68417.36762799887
2022-02-24,-530717.3662133701,3326.3841556137195,-63895.601367052994
2022-02-25,-551088.32125769,5026.724014779786,-66422.64116592339
2022-02-28,-335756.90619369224,-10243.24790150515,-39526.3288746975
2022-03-01,-179460.08070289902,-45709.37464704877,-16330.729032321426
2022-03-02,-400950.09245079756,-29693.398139675264,-43145.14760711568
2022-03-03,-393754.05780740455,-39782.58360185468,-41296.56243596517
2022-03-04,-216425.2265316695,-63925.34013509838,-17889.55361801255
2022-03-07,-282796.45588112436,-54173.73507086595,-26249.19369959287
2022-03-08,-392038.69591017254,-36128.44530431891,-42165.777413614094
2022-03-09,-485858.8484557606,-27794.93739907426,-53862.757116686436
2022-03-10,-575077.3749003634,-39159.3834892204,-61438.610881293076
2022-03-11,-582855.872583326,-24028.801372479647,-65118.25326750404
2022-03-14,-788337.8804232441,-2200.068726650439,-91331.12547426263
2022-03-15,-799223.7427460514,-6642.111896975432,-91977.50075133331
2022-03-16,-832038.049889531,29058.06518079678,-101659.8048840746
2022-03-17,-870373.352132624,16101.796609563404,-104077.56815823179
2022-03-18,-769438.1859257147,20875.258890845464,-93940.80364412686
2022-03-21,-1010465.8658361677,49058.64266727655,-125619.66215988749
2022-03-22,-1092121.7244500201,59647.54107584292,-136131.17416331812
2022-03-23,-1010563.8345701974,70019.17884155177,-128306.32142403617
2022-03-24,-1025316.7137651816,86298.10055551771,-132560.82499367697
2022-03-25,-1214521.5940825287,122469.62536643213,-154930.46634022286
2022-03-28,-1168161.3040990438,114631.28774429136,-153873.13223683857
2022-03-29,-1098391.9975539576,98113.02176982933,-144017.77437149035
2022-03-30,-1020780.1666507572,94924.1628733764,-135103.84514257242
2022-03-31,-973856.006224595,97153.51132355374,-130097.7206578179
2022-04-01,-1033214.2039349843,129139.8090586639,-142322.82477521582
2022-04-04,-1092298.2143080067,124582.69532036618,-148199.84009898768
2022-04-05,-1253746.019315701,144401.44107867125,-168918.02462074673
2022-04-06,-1346153.0970660485,146897.41644934402,-179228.3545428773
2022-04-07,-1429258.7251359727,145396.16932054795,-187863.65750599233
2022-04-08,-1524662.6261485405,142327.6035807056,-198301.73039312987
2022-04-11,-1607890.0698314924,135260.4534750476,-206353.7878785904
2022-04-12,-1538096.9170878958,106153.2264386022,-193534.2611415137
2022-04-13,-1509791.3588936962,103781.61595232133,-190109.65307524218
2022-04-14,-1684568.1102667488,117600.406952783,-211584.20864128345
2022-04-18,-1720647.8561485559,115591.0077425181,-215157.02730880445
2022-04-19,-1817889.85586139,128974.55241041887,-228561.1588643936
2022-04-20,-1694033.1838782579,140411.72640678822,-216370.13959797937
2022-04-21,-1770811.175096538,152540.69361771178,-226797.7633680764
2022-04-22,-1774274.7998570073,140459.39121800056,-225438.21654880303
2022-04-25,-1653117.6824328825,124027.61817588052,-209369.25476585934
2022-04-26,-1600827.3275728095,112428.20785715594,-201374.1682601676
2022-04-27,-1665690.6565275472,112887.32582390867,-208692.98847431317
2022-04-28,-1701057.0399183482,126741.97948367754,-214731.05957827275
2022-04-29,-1769126.1002491321,133024.54860867024,-223356.727895102
2022-05-02,-1904066.0305307638,132155.20461189537,-238213.12099791667
2022-05-03,-1864138.3120760228,142045.32047104882,-235096.28159330063
2022-05-04,-1833755.4538694583,123621.25701974193,-228649.22107833112
2022-05-05,-2010427.418179851,120628.23692682339,-247908.79001045856
2022-05-06,-2111153.2039546575,122473.29343003267,-259246.62979177176
2022-05-09,-2019213.182814872,98378.46653626626,-244794.43544433266
2022-05-10,-1928129.5072136708,99396.73281578324,-234939.0110855759
2022-05-11,-1853510.9071568623,101712.26105767349,-227139.4063118347
2022-05-12,-1774393.0255133305,79142.3019889053,-215242.07331904373
2022-05-13,-1903830.4025565386,82421.27731270576,-229926.06945585785
2022-05-16,-1843162.5381131638,59396.07644384052,-219683.09043086343
2022-05-17,-1955885.781824503,74895.32545563322,-234784.3820698755
2022-05-18,-1821350.8258812055,76390.72094309214,-219875.08463396644
2022-05-19,-1782583.0800798237,63135.15777718788,-213775.14950684248
2022-05-20,-1704354.1113884132,64200.03159830044,-204431.98719963478
2022-05-23,-1823975.4145912156,62969.889398484724,-218679.715220802
2022-05-24,-1678087.8931992762,48206.14080054429,-200592.56207342073
2022-05-25,-1656038.1097210348,50587.224412244046,-198208.1689162089
2022-05-26,-1671862.5815363508,37364.798968410585,-198274.82716580387
2022-05-27,-1661984.9537404887,39827.50889187516,-197147.23840110563
2022-05-31,-1805594.4948816597,48177.18482935056,-214528.03310849518
2022-06-01,-1889229.0337167457,79566.03465806367,-229267.89419708587
2022-06-02,-1869346.5127947181,72589.11110714031,-225738.35526307253
2022-06-03,-1911659.6807591692,75867.27676207293,-231146.34186398098
2022-06-06,-2027719.0417362247,87402.52677115891,-246198.05570523278
2022-06-07,-1950389.6805313155,89743.58321766346,-237396.4087250114
2022-06-08,-2013609.4508140497,89253.10839576833,-244754.18373863772
2022-06-09,-2019186.5101821944,96500.79544899752,-246680.80020565726
2022-06-10,-2152685.4414252006,148806.10174517427,-269131.6768835315
2022-06-13,-2479800.494452698,190580.09528937703,-312657.01738965744
2022-06-14,-2552225.7293067984,212870.01770303212,-322211.6571349674
2022-06-15,-2390552.3395021483,164604.88526553148,-297399.79039547616
2022-06-16,-2301744.059015466,134900.86254790705,-284289.64318136685
2022-06-17,-2279903.8154438734,160602.83106801985,-283169.15557163744
2022-06-21,-2374216.432907395,157771.06894974178,-294157.38978786115
2022-06-22,-2177263.3234446384,145225.77507947013,-269772.71317036985
2022-06-23,-2102709.781448357,126777.96107338928,-258692.27900852077
2022-06-24,-2161117.200284185,120645.69219455402,-264442.164576842
2022-06-27,-2235970.385508079,133390.5215860093,-274842.16745855054
2022-06-28,-2235196.9358216226,141084.49378273264,-276150.70432961336
2022-06-29,-2120962.572639141,133062.8853463796,-262077.98457021452
2022-06-30,-1988299.3813360035,119592.76896171318,-245173.59841523902
2022-07-01,-1863959.0674177483,51074.63236929779,-221077.5723133341
2022-07-05,-1811849.9052138776,71592.10831355932,-217704.63263852824
2022-07-06,-1944396.906606067,78645.6404066754,-233726.86750045
2022-07-07,-2029683.2327686846,95383.12351189787,-245991.2595881559
2022-07-08,-2136452.9573346395,103247.84998808568,-259356.83794868528
2022-07-11,-2004594.5565841366,94644.57573815715,-242887.29469044507
2022-07-12,-1940928.6903540753,92479.13545953878,-235284.21748713637
2022-07-13,-1891393.5930184089,89315.51609516027,-228696.6096785299
2022-07-14,-1941467.4436038956,104000.22718995041,-236683.00890636048
2022-07-15,-1914509.8046684675,98433.04298290843,-232606.7113406316
2022-07-18,-1960124.541832529,87182.77437865478,-236146.00270447065
2022-07-19,-2014713.8572018184,98830.83017913532,-243829.2336990952
2022-07-20,-2039932.2437329423,110048.85969205061,-248207.00721906964
2022-07-21,-1861877.1880605277,66789.82358107879,-223379.82187079545
2022-07-22,-1709461.393513102,43137.92938810983,-201946.94230240164
2022-07-25,-1762956.384592468,39109.892674176954,-207784.93853378156
2022-07-26,-1749694.0216962118,35797.75460531819,-206025.18718218012
2022-07-27,-1715238.2653831989,17695.36638490297,-198968.25145961368
2022-07-28,-1609249.5688034836,-24567.5468299028,-179932.93967724894
2022-07-29,-1593445.3333567716,-20240.514231372857,-178588.2780734161
2022-08-01,-1491974.5222219136,-16504.185551491333,-168217.09389466955
2022-08-02,-1667603.6829156596,16800.886233225465,-194022.09528091294
2022-08-03,-1631056.550563708,26728.42517561256,-191478.29793252377
2022-08-04,-1576032.5357009396,-3642.2257327029947,-180218.59395515034
2022-08-05,-1767282.8136064708,27370.20630140952,-207844.92909962288
2022-08-08,-1683836.6691874452,26268.439747166587,-198242.40035576234
2022-08-09,-1715649.721438624,33160.06521787052,-202769.75195205212
2022-08-10,-1729181.3158616014,13302.829480647575,-201462.87824008893
2022-08-11,-1862213.3629375286,6972.16245701327,-215220.1453772455
2022-08-12,-1817065.7573191077,4961.0521708009765,-210179.95016773627
2022-08-15,-1757083.3655863926,-9052.663072683616,-200767.82904895605
2022-08-16,-1782049.2247079145,1014.5586344529875,-205522.45745892357
2022-08-17,-1867283.2234533615,15963.951446238207,-217100.7655616675
2022-08-18,-1848364.71562507,14327.287924363744,-213918.9697826428
2022-08-19,-1989015.1004579626,28547.612974520074,-232235.61453424115
2022-08-22,-2044704.1631951202,44657.157068761764,-241155.2723384241
2022-08-23,-2070192.6739163678,52497.98260605382,-245030.0517682964
2022-08-24,-2154378.276899129,55860.07461921498,-255696.22423777194
2022-08-25,-2049652.5361657105,48840.785096297506,-242684.9043724069
2022-08-26,-2056841.6246940922,75279.86270277249,-247416.06578298192
2022-08-29,-2142018.8337492812,89773.16494919732,-259166.45697742794
2022-08-30,-2129875.06239501,98625.80385537073,-259555.84068626002
2022-08-31,-2180345.3883425705,101179.24132018816,-265101.83698504255
2022-09-01,-2327852.6805104353,111793.28872081777,-283626.773504857
2022-09-02,-2267796.974011466,96907.3892261046,-273787.51145543996
2022-09-06,-2427868.6843402833,105303.94418565789,-293477.1074473369
2022-09-07,-2346122.2081545517,102269.80846856628,-283644.67922513303
2022-09-08,-2372876.7457205355,98161.8609922491,-286327.986497574
2022-09-09,-2410136.845960317,106466.51167031238,-292146.6737803472
2022-09-12,-2466049.3764401507,102215.02085827012,-297697.3525371454
2022-09-13,-2497048.8620235603,133704.69669479318,-306368.14060807135
2022-09-14,-2479054.753130229,139749.95012493106,-305409.74503098335
2022-09-15,-2530194.079942884,160246.58706481755,-314772.87368232897
2022-09-16,-2544007.7591947373,140838.5860099541,-313710.0074773794
2022-09-19,-2570014.3938872553,160761.35217784345,-319854.6550961388
2022-09-20,-2668793.34101576,181164.31620621448,-330674.5370738101
2022-09-21,-2588142.326413894,191980.07556094136,-325468.61355491215
2022-09-22,-2806202.0681638736,221246.86050326284,-354819.3626391995
2022-09-23,-2764037.219336059,211128.88270114549,-350246.7109747776
2022-09-26,-2967770.871656101,259970.27892984077,-380725.2446945673
2022-09-27,-3106131.0167996977,249783.19827663107,-394721.4954513842
2022-09-28,-2847222.8819850795,199669.63761611935,-357278.85390345706
2022-09-29,-2891032.1056344584,214944.0170690301,-364827.9491181397
2022-09-30,-2979126.9537242763,220135.31081605563,-375541.3893661187
2022-10-03,-2818769.421988126,170236.5306306556,-349716.2347570979
2022-10-04,-2762090.4607417844,156555.7404819699,-341421.1667121202
2022-10-05,-2920560.1542931665,200336.0873483857,-362550.6299369042
2022-10-06,-2982355.704621408,223062.18106004037,-373069.17168579483
2022-10-07,-3042454.120079294,216894.70681878226,-382596.4000011943
2022-10-11,-3113671.497602336,230847.16128192702,-389351.7403577552
2022-10-12,-3088492.184461968,224367.36110400548,-385545.6395890815
2022-10-13,-3160851.08429233,227133.10130375111,-394031.9411358074
2022-10-14,-3196685.2941076383,237181.17476933962,-399641.44409726467
2022-10-17,-3219870.618035542,228646.79408210376,-401204.64633818204
2022-10-18,-3196770.4421896376,218471.44272868428,-397006.8294175756
2022-10-19,-3335542.864501562,234237.06046779035,-417792.8014057311
2022-10-20,-3437723.841808567,239402.31900565466,-431346.6643386455
2022-10-21,-3465672.2364937067,205450.16164757824,-429076.56213931926
2022-10-24,-3524057.953328846,204823.40141910408,-435614.7060169205
2022-10-25,-3347270.947936455,190929.0559998611,-411401.8318441184
2022-10-26,-3286915.8161366507,189008.54017835157,-406160.8851740761
2022-10-27,-3213910.8227314744,190084.69824236445,-399476.39565760316
2022-10-28,-3294517.449934846,203865.55963713443,-407443.1333980751
2022-10-31,-3368780.6407453828,212134.5957535687,-417176.30589755066
2022-11-01,-3324078.055410754,233736.75852396293,-418709.5249641612
2022-11-02,-3352370.350871304,224623.71281102207,-425995.0165300891
2022-11-03,-3391536.228634976,244453.8401390165,-431019.4550289102
2022-11-04,-3449296.9267287645,228865.36479750974,-433438.9790285486
2022-11-07,-3517230.379907772,234656.32581615774,-441638.0870191641
2022-11-08,-3419679.6989607997,221738.80041150283,-426704.37142859213
2022-11-09,-3429617.0557014626,214623.88856062107,-426335.2299441886
2022-11-10,-3062854.7433352713,134080.89173466153,-375510.5071972078
2022-11-14,-3112576.418586012,141925.80117483623,-382195.93965656497
2022-11-15,-3019924.1178757623,136657.93679181254,-371729.0412357561
2022-11-16,-2857050.088778261,123311.75558142783,-351079.07621259475
2022-11-17,-2945854.144841114,147271.42492076382,-363972.0560767846
2022-11-18,-2994264.2479040306,155434.64025612455,-369929.8604856855
2022-11-21,-3033546.1807087846,190349.78940342367,-375934.7012251816
2022-11-22,-2908775.467628941,160176.9181881938,-360776.61790081766
2022-11-23,-2824945.2078526095,163528.69223727565,-352540.66202280344
2022-11-25,-2804103.131895883,149271.26671480015,-348341.0114377937
2022-11-28,-2812620.250452876,161543.5924048475,-351443.9437655653
2022-11-29,-2881628.123722879,162788.7716568103,-359443.2850293694
2022-11-30,-2813085.9185442794,130726.63217984559,-348523.06618371373
2022-12-01,-2633701.451579269,122522.49065995123,-328740.30775791313
2022-12-02,-2592336.3962771595,139558.24854487786,-327073.74363812385
2022-12-05,-2688719.7635699455,164217.9362157751,-339806.91571906814
2022-12-06,-2577364.8604187723,157905.88001141045,-326504.38440576475
2022-12-07,-2452340.8605404887,153542.0246542138,-312844.32940858277
2022-12-08,-2528059.262043299,179035.61215221044,-325268.0035531572
2022-12-09,-2635965.829800237,167827.77215774776,-335457.6549348943
2022-12-12,-2662109.9187106267,178957.7919405792,-339671.0057902718
2022-12-13,-2530891.5433587395,147872.61519922316,-320445.00302995136
2022-12-14,-2514587.896391589,143590.61226106947,-318221.5579829612
2022-12-15,-2459615.995477263,139513.78327636048,-310573.37510019355
2022-12-16,-2515065.2851985283,136693.34923820477,-317817.50661710417
2022-12-19,-2624219.255797282,146957.68184142653,-330735.5188957951
2022-12-20,-2770259.5093986783,157135.7504847669,-348744.41871653916
2022-12-21,-2770984.075491743,161347.9193711481,-348386.2585453708
2022-12-22,-2750846.545108769,157766.01453278027,-346315.3094025897
2022-12-23,-2846435.2000288144,157922.74958649883,-356816.4819055395
2022-12-27,-2969320.355501352,166530.07785218395,-371633.8513966873
2022-12-28,-3014475.0268130153,169449.1562549495,-377332.464212087
2022-12-29,-2962565.482273888,167146.7291898122,-371308.0161352805
2022-12-30,-3017424.0348511487,171019.28739174595,-378536.6160573624
