maturity_years,target_dv01,duration_hedged_dv01,multi_hedged_dv01
0.5,11.987603511661291,-1.246517004462726,1.921756211376655
1.0,40.52865992800798,-4.214325549403824,6.4972288989677836
2.0,88.75370271259453,-9.228950515338866,-0.1252019756969105
3.0,207.05112244642805,-21.529970071155844,34.54459518000576
5.0,380.48779628786724,-39.56458081408783,-1.4844383471750575
7.0,2002.6161475200206,1320.79145234655,1496.7323469305252
10.0,4705.184469356318,-3907.0010629388853,-119.37569648809585
20.0,1965.3975239620777,1965.3975239620777,-71.60371817093733
30.0,696.5946079273708,696.5946079273708,-54.583630534142685
